{
  "TableName": "ConfessionsTable",
  "AttributeDefinitions": [
    { "AttributeName": "id", "AttributeType": "S" },
    { "AttributeName": "createdAt", "AttributeType": "S" },
    { "AttributeName": "status", "AttributeType": "S" }
  ],
  "KeySchema": [
    { "AttributeName": "id", "KeyType": "HASH" }
  ],
  "GlobalSecondaryIndexes": [
    {
      "IndexName": "status-createdAt-index",
      "KeySchema": [
        { "AttributeName": "status", "KeyType": "HASH" },
        { "AttributeName": "createdAt", "KeyType": "RANGE" }
      ],
      "Projection": { "ProjectionType": "ALL" },
      "ProvisionedThroughput": {
        "ReadCapacityUnits": 5,
        "WriteCapacityUnits": 5
      }
    }
  ],
  "ProvisionedThroughput": {
    "ReadCapacityUnits": 5,
    "WriteCapacityUnits": 5
  }
}
